{
  "train_loss": [
    0.5446539352769437,
    0.4430571172548377,
    0.4382000137930331,
    0.41319453716278076,
    0.4020806486191957,
    0.39734157272007153,
    0.38793661283410114,
    0.3835502668567326,
    0.3706730040519134,
    0.36272724944612256,
    0.3683433092158774,
    0.36755881555702374,
    0.3737540892932726,
    0.36367439575817273,
    0.3720328179390534,
    0.3685724994410639,
    0.36317381781080493,
    0.3822718120139578,
    0.3595106821993123,
    0.35983362793922424,
    0.35297785699367523,
    0.3317345406698144,
    0.3134858452755472,
    0.34671392065027484,
    0.30926699482876324,
    0.3062265852223272,
    0.28018520707669464,
    0.32070791267830395,
    0.28797208744546643,
    0.2684437347495038,
    0.2817529109509095,
    0.26054259616395703,
    0.24778268842593484,
    0.27486957804016443,
    0.2820450397937194,
    0.26832352319489355,
    0.28654462228650635,
    0.26410812463449396,
    0.25928386462771374,
    0.2661324972691743,
    0.2640080153942108,
    0.25129620666089264,
    0.2359300812949305,
    0.24555116114409073,
    0.23477901842283166,
    0.221067629430605,
    0.23276122918595438,
    0.1951735090950261,
    0.2132856991627942,
    0.24660080282584482
  ],
  "train_acc": [
    0.6684782608695652,
    0.7391304347826086,
    0.7391304347826086,
    0.7554347826086957,
    0.7663043478260869,
    0.7880434782608695,
    0.782608695652174,
    0.782608695652174,
    0.8043478260869565,
    0.7989130434782609,
    0.8043478260869565,
    0.8043478260869565,
    0.8097826086956522,
    0.7989130434782609,
    0.8369565217391305,
    0.8043478260869565,
    0.7880434782608695,
    0.7880434782608695,
    0.842391304347826,
    0.8097826086956522,
    0.8260869565217391,
    0.842391304347826,
    0.842391304347826,
    0.8152173913043478,
    0.8260869565217391,
    0.8315217391304348,
    0.8804347826086957,
    0.8532608695652174,
    0.8586956521739131,
    0.8804347826086957,
    0.8858695652173914,
    0.875,
    0.8967391304347826,
    0.875,
    0.8586956521739131,
    0.8804347826086957,
    0.8913043478260869,
    0.907608695652174,
    0.8913043478260869,
    0.8641304347826086,
    0.8695652173913043,
    0.8858695652173914,
    0.8913043478260869,
    0.8858695652173914,
    0.8804347826086957,
    0.8858695652173914,
    0.9021739130434783,
    0.9239130434782609,
    0.8967391304347826,
    0.9021739130434783
  ],
  "val_loss": [
    0.5154386714652732,
    0.46102022572799967,
    0.447103644962664,
    0.4328881557340975,
    0.41572605901294285,
    0.42013888668130944,
    0.4034120418407299,
    0.3898457575727392,
    0.3744829848960594,
    0.39140503384448866,
    0.3531309929158952,
    0.3473444536880211,
    0.33196156444372954,
    0.31886057942001905,
    0.35685855039843806,
    0.37625417334062083,
    0.31944981107005366,
    0.2970328021932531,
    0.28285074785903647,
    0.23826704091495937,
    0.2844574131347515,
    0.274023143781556,
    0.27212938887101634,
    0.2844813995891147,
    0.28072476276644953,
    0.24475462127614905,
    0.2407829259280805,
    0.2530107409865768,
    0.23977910810046726,
    0.2288857185178333,
    0.23572436913296027,
    0.2134838264297556,
    0.23561748696698082,
    0.2178531046266909,
    0.24064460562335122,
    0.2255123632925528,
    0.2142878114073365,
    0.1870947022128988,
    0.2552377940328033,
    0.24626661505964068,
    0.2249252183569802,
    0.2579973433856611,
    0.35727769136428833,
    0.21706266149326606,
    0.20997809646306215,
    0.1960078008748867,
    0.18579502238167656,
    0.18160436109260278,
    0.19086915420161354,
    0.17247284452120462
  ],
  "val_acc": [
    0.7407407407407407,
    0.7037037037037037,
    0.7777777777777778,
    0.7777777777777778,
    0.7407407407407407,
    0.7777777777777778,
    0.7407407407407407,
    0.8148148148148148,
    0.8148148148148148,
    0.8148148148148148,
    0.8518518518518519,
    0.7407407407407407,
    0.8148148148148148,
    0.8518518518518519,
    0.8518518518518519,
    0.8518518518518519,
    0.7777777777777778,
    0.8888888888888888,
    0.8888888888888888,
    0.9259259259259259,
    0.8888888888888888,
    0.9629629629629629,
    0.9259259259259259,
    0.9259259259259259,
    0.8518518518518519,
    0.9629629629629629,
    0.9259259259259259,
    0.9259259259259259,
    0.9259259259259259,
    0.8888888888888888,
    0.8888888888888888,
    0.9629629629629629,
    0.9259259259259259,
    0.9259259259259259,
    0.8518518518518519,
    0.9629629629629629,
    0.9259259259259259,
    0.9259259259259259,
    0.8888888888888888,
    0.8518518518518519,
    0.8518518518518519,
    0.8888888888888888,
    0.8518518518518519,
    0.9259259259259259,
    0.9629629629629629,
    0.9629629629629629,
    0.9629629629629629,
    0.9629629629629629,
    0.9629629629629629,
    0.9259259259259259
  ]
}