,Accuracy,Precision,Recall,F1 Score,ROC AUC
Random Forest,0.7547169811320755,0.7894736842105263,0.8571428571428571,0.821917808219178,0.8857142857142858
SVM (RBF),0.8490566037735849,0.9655172413793104,0.8,0.875,0.9190476190476191
Gradient Boosting,0.8113207547169812,0.8378378378378378,0.8857142857142857,0.8611111111111112,0.9142857142857144
MLP,0.6792452830188679,0.6730769230769231,1.0,0.8045977011494253,0.6492063492063492
CNN,0.8867924528301887,0.9393939393939394,0.8857142857142857,0.9117647058823529,0.9396825396825397
